firm,collection,category,topics,url,access,last_checked,notes
McKinsey,McKinsey Global Institute (MGI),research institute,"macroeconomics;productivity;investment;technology;future markets;global connections",https://www.mckinsey.com/mgi/overview,public,2026-08-09,"Fact-base research for business and policy decisions"
McKinsey,Global Economics Intelligence (GEI),economic intelligence,"macroeconomics;inflation;rates;trade;regional economy",https://www.mckinsey.com/capabilities/strategy-and-corporate-finance/our-insights/mckinsey-global-economics-intelligence,public/subscription for some PDFs,2026-08-09,"Monthly macroeconomic analysis and visualized data"
McKinsey,McKinsey Global Surveys,survey,"executives;AI;strategy;organization;economy",https://www.mckinsey.com/featured-insights/mckinsey-global-surveys/,public,2026-08-09,"Survey research based on executives and managers"
McKinsey,Tech & AI Insights,insights,"AI;cloud;software;digital transformation;data",https://www.mckinsey.com/capabilities/tech-and-ai/our-insights/en,public,2026-08-09,"Technology and AI research hub"
McKinsey,The Week in Charts,charts,"economy;AI;demographics;trade;industry",https://www.mckinsey.com/featured-insights/week-in-charts,public,2026-08-09,"Chart-first research discovery"
BCG,Featured Insights and Perspectives,insights,"AI;strategy;transformation;climate;finance;operations",https://www.bcg.com/publications,public,2026-08-09,"BCG cross-industry publication hub"
Deloitte,Deloitte Insights,insights,"technology;economics;strategy;workforce;operations;industry outlooks",https://www.deloitte.com/us/en/insights.html,public,2026-08-09,"Research reports articles infographics videos and podcasts"
PwC,Today's issues,insights,"AI;business model;transformation;climate;risk;cybersecurity;value creation",https://www.pwc.com/gx/en/issues.html,public,2026-08-09,"PwC global research-led insights hub"
PwC,Global CEO Survey,survey,"CEO;AI;macroeconomics;cyber risk;geopolitics;growth",https://www.pwc.com/gx/en/1/issues/c-suite-insights/ceo-survey.html,public,2026-08-09,"Annual global CEO survey; 2026 edition surveyed 4454 CEOs across 95 countries and territories"
