id,company,title,date,url,description,topics,source_name,discovered_at,last_seen_at
e2b69ea7f89a4715,BCG,AI-First Procurement: How Autonomous Agents Drive Competitive Advantage,2026-08-03,https://www.bcg.com/publications/2026/ai-in-procurement-drives-competitive-advantage,Procurement teams are capturing only a fraction of AI’s potential value. The missing ingredient? Redesigning workflows around AI agents.,AI|Supply Chain,BCG Publications,2026-08-08T17:09:53Z,2026-08-08T17:09:53Z
8740f5c4c943a91d,BCG,The Unexpected Ways GLP-1s Are Transforming Consumer Behavior,2026-08-03,https://www.bcg.com/publications/2026/glp-1-consumer-behavior-shift,"GLP-1s are doing more than shrinking appetites. They’re stimulating lasting changes in the way users—and their households—eat, shop, dress, exercise, and spend.",,BCG Publications,2026-08-08T17:09:53Z,2026-08-08T17:09:53Z
9b12bbaa51da92d3,BCG,Do You Own Your Enterprise Cortex? The AI Strategy Risk CEOs May Not See Coming.,2026-08-03,https://www.bcg.com/publications/2026/how-ceos-avoid-ai-vendor-lock-in-risk,"As AI becomes central to enterprise decision making, CEOs face a new challenge: protecting what makes their business unique.",Strategy,BCG Publications,2026-08-08T17:09:53Z,2026-08-08T17:09:53Z
097f00bd91c61706,Deloitte,What’s happening this week in economics?,2026-08-03,https://www.deloitte.com/us/en/insights/topics/economy/global-economic-outlook/weekly-update.html,What’s happening this week in economics? Deloitte’s team of economists examines news and trends from around the world.,Economics,Deloitte Insights,2026-08-08T17:09:53Z,2026-08-08T17:09:53Z
1b2c6a3f3f843c8c,BCG,How CEOs Can Make the Most of Their Time After Leaving the Corner Office,2026-07-31,https://www.bcg.com/publications/2026/how-ceos-thrive-after-the-corner-office,"Stepping down from a successful, performance-driven career can be disorienting, but a new survey highlights specific moves that can help CEOs manage the transition.",,BCG Publications,2026-08-08T17:09:53Z,2026-08-08T17:09:53Z
01f5403bbeaf257a,BCG,Entrepreneurial Capitalism Will Be Built City by City,2026-07-31,https://www.bcg.com/publications/2026/entrepreneurial-ecosystems-city-by-city,"Today’s city leaders face social and economic challenges, but growing their startup ecosystems can deliver citizen benefits on a budget.",Economics,BCG Publications,2026-08-08T17:09:53Z,2026-08-08T17:09:53Z
2529db3a5e73ef1b,BCG,The AI-First Asset Manager,2026-07-21,https://www.bcg.com/publications/2026/reimagining-asset-management-with-ai,"Autonomous AI agents can help solve some of the industry’s most pressing problems—but only if the CEO, CTO, and CIO align on strategic vision.",AI,BCG Publications,2026-08-08T17:09:53Z,2026-08-08T17:09:53Z
1ed2516bd044da0b,Deloitte,FSI Predictions 2026,2026-05-19,https://www.deloitte.com/us/en/insights/industry/financial-services/financial-services-industry-predictions.html,"How emerging technologies and market shifts will transform the structure, delivery, and accessibility of financial services in the United States",,Deloitte Insights,2026-08-08T17:09:53Z,2026-08-08T17:09:53Z
c1a5398f75752317,Deloitte,2026 Digital Media Trends: Capturing always-on fandom between releases and seasons,2026-03-24,https://www.deloitte.com/us/en/insights/industry/technology/digital-media-trends-consumption-habits-survey.html,"To boost retention and monetize fan engagement, owners of strong fandoms could host year-round social content, shopping, and exclusive experiences in their own environments",,Deloitte Insights,2026-08-08T17:09:53Z,2026-08-08T17:09:53Z
df2a13b8384b1ca4,Deloitte,2026 Global Human Capital Trends,2026-03-04,https://www.deloitte.com/us/en/insights/topics/talent/human-capital-trends.html,"Our 2026 survey reveals a shift from tensions to tipping points. What intentional choices can organizations make to adapt continuously, move with speed, and lead with a human edge?",Workforce,Deloitte Insights,2026-08-08T17:09:53Z,2026-08-08T17:09:53Z
872b3208c9832cef,Deloitte,Tech Trends 2026,2025-12-10,https://www.deloitte.com/us/en/insights/topics/technology-management/tech-trends.html,"As technology innovation and adoption accelerate, five trends reveal how successful organizations are moving from experimentation to impact",,Deloitte Insights,2026-08-08T17:09:53Z,2026-08-08T17:09:53Z
599e8bfd1357816e,Deloitte,TMT Predictions 2026: The AI gap narrows but persists,2025-11-16,https://www.deloitte.com/us/en/insights/industry/technology/technology-media-and-telecom-predictions.html,"Deloitte predicts 2026 will see the gap between the promise and reality of AI narrow, as further movements towards getting it to scale are made",,Deloitte Insights,2026-08-08T17:09:53Z,2026-08-08T17:09:53Z
5deeb73f130a4470,Deloitte,Deloitte Global Economics Research Center,,https://www.deloitte.com/us/en/insights/topics/economy.html,"Economic forces shape our personal, business, and political situations, and they can be viewed through a variety of lenses—from population and income through industry and geography. Deloitte Global Economists cover all these and more.",Economics,Deloitte Insights,2026-08-08T17:09:53Z,2026-08-08T17:09:53Z
c3fe63520a47bca2,Deloitte,"Environmental, Social & Governance",,https://www.deloitte.com/us/en/insights/topics/environmental-social-governance.html,"Your company’s environmental, social, and governance programs demonstrate your commitment to effective risk management and long-term resiliency. Read on for fresh ideas on managing climate change, meeting stakeholder expectations, and evolving your organization to meet the challenges ahead.",,Deloitte Insights,2026-08-08T17:09:53Z,2026-08-08T17:09:53Z
29d952df653c8160,Deloitte,Industry,,https://www.deloitte.com/us/en/insights/industry.html,Explore research and insights for your industry.,,Deloitte Insights,2026-08-08T17:09:53Z,2026-08-08T17:09:53Z
62b8a4bbd194ca5f,Deloitte,Operations,,https://www.deloitte.com/us/en/insights/topics/operations.html,"What differentiates leading organizations from their less successful rivals? Often it comes down to the how they manage their operations. No matter how great the business strategy, operations management can ultimately determine who comes out ahead.",Strategy,Deloitte Insights,2026-08-08T17:09:53Z,2026-08-08T17:09:53Z
063a1dcfb6dea454,Deloitte,Strategy,,https://www.deloitte.com/us/en/insights/topics/business-strategy-growth.html,"Strategy is an organization’s growth blueprint. It provides direction, sets priorities, and guides decisions. To set a winning strategy, leaders need to understand their competition, mitigate risks, and make hard choices about change and innovation.",Strategy,Deloitte Insights,2026-08-08T17:09:53Z,2026-08-08T17:09:53Z
d5599314ac1d8d20,Deloitte,Technology management,,https://www.deloitte.com/us/en/insights/topics/technology-management.html,"The global economy is driven by and dependent on rapidly evolving technologies. Keeping up, however, doesn’t always mean chasing the latest tech. Do you have the tools you need to put strategy before gadgetry to both enable and drive your organization’s future success?",Economics|Strategy,Deloitte Insights,2026-08-08T17:09:53Z,2026-08-08T17:09:53Z
c6022a580e379a29,Deloitte,Talent,,https://www.deloitte.com/us/en/insights/topics/talent.html,"We’re operating in a world where work is no longer defined by jobs, the workplace is no longer a specific place, many workers are no longer traditional employees. With the rise of AI in the workplace, the future of work has never been more of a question mark, and organizations are rethinking everything from talent strategies to the role of human resources to how to optimize human performance in a tech-driven world.",Workforce,Deloitte Insights,2026-08-08T17:09:53Z,2026-08-08T17:09:53Z
82e468e6686632e0,Deloitte,"Deloitte Insights Magazine, issue 33",,https://www.deloitte.com/us/en/insights/deloitte-insights-magazine.html,"Deloitte’s latest proprietary research and insights to help move the AI conversation forward, offering fresh perspectives and foresight on what those organizational and economic impacts might be",Economics,Deloitte Insights,2026-08-08T17:09:53Z,2026-08-08T17:09:53Z
8d2716f7db163cbc,Deloitte,Top 10 most-read business insights,,https://www.deloitte.com/us/en/insights/top-10-business-insights.html,"Explore top thought leadership insights our readers find most engaging. This quarterly, peer-recommended list addresses today's most important business issues.",,Deloitte Insights,2026-08-08T17:09:53Z,2026-08-08T17:09:53Z
a494bd40fbb5a0a9,Deloitte,Videos | Deloitte Insights,,https://www.deloitte.com/us/en/insights/multimedia/videos.html,"Our videos bring our research and insights to life, illustrating what our articles explore in greater depth.",,Deloitte Insights,2026-08-08T17:09:53Z,2026-08-08T17:09:53Z
6bcf9bc4198eb82f,Deloitte,Deloitte Consumer Industry Center,,https://www.deloitte.com/us/en/insights/research-centers/consumer-industry-center.html,"The Deloitte Consumer Industry Center delivers insights that help leaders in the automotive, consumer products, retail, transportation, hospitality, and services sectors better understand their business environment and where it’s heading.",,Deloitte Insights,2026-08-08T17:09:53Z,2026-08-08T17:09:53Z
466e075e3dc7999e,Deloitte,Automotive,,https://www.deloitte.com/us/en/insights/industry/automotive.html,Explore research and insights for the automotive sector.,,Deloitte Insights,2026-08-08T17:09:53Z,2026-08-08T17:09:53Z
68fe9d5cb3876067,Deloitte,Consumer Products,,https://www.deloitte.com/us/en/insights/industry/consumer-products.html,Explore research and insights for the consumer sector.,,Deloitte Insights,2026-08-08T17:09:53Z,2026-08-08T17:09:53Z
09b8ad5957aca08e,Deloitte,Hospitality,,https://www.deloitte.com/us/en/insights/research-centers/consumer-industry-center/hospitality.html,Explore research and insights for the hospitality sector.,,Deloitte Insights,2026-08-08T17:09:53Z,2026-08-08T17:09:53Z
4bad213ae024b0a5,Deloitte,Retail distribution,,https://www.deloitte.com/us/en/insights/industry/retail-distribution.html,Explore research and insights for retail distribution sector.,,Deloitte Insights,2026-08-08T17:09:53Z,2026-08-08T17:09:53Z
5d1ec705d1ce6e97,Deloitte,Transportation,,https://www.deloitte.com/us/en/insights/industry/transportation.html,Explore research and insights for the transportation sector.,,Deloitte Insights,2026-08-08T17:09:53Z,2026-08-08T17:09:53Z
2bc261f6d729c6b3,Deloitte,Deloitte Center for Integrated Research,,https://www.deloitte.com/us/en/insights/research-centers/center-for-integrated-research.html,The Deloitte Center for Integrated Research offers rigorously researched and data-driven perspectives on critical issues affecting businesses today.,,Deloitte Insights,2026-08-08T17:09:53Z,2026-08-08T17:09:53Z
4e1793cbdcb9ca99,Deloitte,Enterprise Growth & Innovation,,https://www.deloitte.com/us/en/insights/research-centers/center-for-integrated-research/enterprise-growth-and-innovation.html,Explore research and insights for the enterprise growth & innovation sector.,Strategy,Deloitte Insights,2026-08-08T17:09:53Z,2026-08-08T17:09:53Z
e623eb45fa47fb46,Deloitte,Environmental & Societal Issues,,https://www.deloitte.com/us/en/insights/research-centers/center-for-integrated-research/environmental-and-social-issues.html,Explore research and insights for the environmental & societal issues sector.,,Deloitte Insights,2026-08-08T17:09:53Z,2026-08-08T17:09:53Z
f58d8cd2aed159fc,Deloitte,Technology & Transformation,,https://www.deloitte.com/us/en/insights/research-centers/center-for-integrated-research/technology-and-transformation.html,Explore research and insights for the technology & transformation sector.,Strategy,Deloitte Insights,2026-08-08T17:09:53Z,2026-08-08T17:09:53Z
601736aa3a87abc9,Deloitte,Workforce Trends,,https://www.deloitte.com/us/en/insights/research-centers/center-for-integrated-research/workforce-trends.html,Explore research and insights for the workforce trends sector.,Workforce,Deloitte Insights,2026-08-08T17:09:53Z,2026-08-08T17:09:53Z
db1a5cf62121bb81,Deloitte,Deloitte Global Economics Research Center,,https://www.deloitte.com/us/en/insights/research-centers/economics.html,"Economic forces shape our personal, business, and political situations, and they can be viewed through a variety of lenses—from population and income through industry and geography. Deloitte Global Economists cover all these and more.",Economics,Deloitte Insights,2026-08-08T17:09:53Z,2026-08-08T17:09:53Z
685367d5f272c531,Deloitte,Business investment | Deloitte Insights,,https://www.deloitte.com/us/en/insights/research-centers/economics/business-investment.html,Explore research and insights for the business investment sector.,Economics,Deloitte Insights,2026-08-08T17:09:53Z,2026-08-08T17:09:53Z
c83ae0866bfc0d69,Deloitte,Consumer spending,,https://www.deloitte.com/us/en/insights/research-centers/economics/consumer-spending.html,Explore research and insights for the consumer spending sector.,,Deloitte Insights,2026-08-08T17:09:53Z,2026-08-08T17:09:53Z
f5d35191d256af8d,Deloitte,Fiscal and monetary policy,,https://www.deloitte.com/us/en/insights/research-centers/economics/fiscal-and-monetary-policy.html,Explore research and insights for the fiscal and monetary policy sector.,,Deloitte Insights,2026-08-08T17:09:53Z,2026-08-08T17:09:53Z
8a2ae00b9986742f,Deloitte,Globalization and international trade,,https://www.deloitte.com/us/en/insights/research-centers/economics/globalization-and-international-trade.html,Explore research and insights for the globalization and international trade sector.,,Deloitte Insights,2026-08-08T17:09:53Z,2026-08-08T17:09:53Z
a4c8fdcc62207dca,Deloitte,Housing,,https://www.deloitte.com/us/en/insights/research-centers/economics/housing.html,Explore research and insights for the housing sector.,,Deloitte Insights,2026-08-08T17:09:53Z,2026-08-08T17:09:53Z
cfbcdf9ca9b2418a,Deloitte,Labor markets,,https://www.deloitte.com/us/en/insights/research-centers/economics/labor-markets.html,Explore research and insights for the labor markets sector.,,Deloitte Insights,2026-08-08T17:09:53Z,2026-08-08T17:09:53Z
e083f67337be817a,Deloitte,Prices and Inflation,,https://www.deloitte.com/us/en/insights/research-centers/economics/prices-and-inflation.html,Explore research and insights for prices and inflation sector.,Economics,Deloitte Insights,2026-08-08T17:09:53Z,2026-08-08T17:09:53Z
7f45cadec1d1cb32,Deloitte,Deloitte Research Center for Energy & Industrials,,https://www.deloitte.com/us/en/insights/research-centers/center-energy-industrials.html,The Deloitte Research Center for Energy & Industrials combines rigorous research with industry-specific knowledge and practice-led experience to deliver compelling insights that can drive business impact.,Energy|Manufacturing,Deloitte Insights,2026-08-08T17:09:53Z,2026-08-08T17:09:53Z
92bac581162e6d57,Deloitte,Aerospace & Defense,,https://www.deloitte.com/us/en/insights/industry/aerospace-defense.html,Explore research and insights for the aerospace & defense sector.,,Deloitte Insights,2026-08-08T17:09:53Z,2026-08-08T17:09:53Z
6a464177f4df26b3,Deloitte,Chemicals and Specialty Materials,,https://www.deloitte.com/us/en/insights/industry/chemicals-and-specialty-materials.html,Explore research and insights for the chemicals & specialty materials sector.,,Deloitte Insights,2026-08-08T17:09:53Z,2026-08-08T17:09:53Z
61685526e96f8627,Deloitte,Engineering and Construction,,https://www.deloitte.com/us/en/insights/industry/engineering-and-construction.html,Explore research and insights for the engineering & construction sector.,,Deloitte Insights,2026-08-08T17:09:53Z,2026-08-08T17:09:53Z
0b6a25d4ed9291ac,Deloitte,Manufacturing industrial products,,https://www.deloitte.com/us/en/insights/industry/manufacturing-industrial-products.html,"Kate Hardin is the executive director for the Deloitte Research Center for Energy &amp; Industrials. In tandem with Deloitte’s energy, resources, and industrials leadership, she drives energy research initiatives and manages the execution of the center’s strategy as well as its eminence and thought leadership.",Energy|Manufacturing|Strategy,Deloitte Insights,2026-08-08T17:09:53Z,2026-08-08T17:09:53Z
7050a0f5ce835afa,Deloitte,Mining & Metals,,https://www.deloitte.com/us/en/insights/industry/mining-metals.html,Explore research and insights for the mining & metals sector.,,Deloitte Insights,2026-08-08T17:09:53Z,2026-08-08T17:09:53Z
c70e944661e4d4e1,Deloitte,Oil & Gas,,https://www.deloitte.com/us/en/insights/industry/oil-and-gas.html,Explore research and insights for the oil & gas sector.,,Deloitte Insights,2026-08-08T17:09:53Z,2026-08-08T17:09:53Z
17a0ad2b1f05e159,Deloitte,Power & Utilities,,https://www.deloitte.com/us/en/insights/industry/power-and-utilities.html,Explore research and insights for the power & utilities sector.,Energy,Deloitte Insights,2026-08-08T17:09:53Z,2026-08-08T17:09:53Z
eebd4683f363f6d7,Deloitte,Renewable Energy,,https://www.deloitte.com/us/en/insights/industry/renewable-energy.html,Explore research and insights for the renewable energy sector.,Energy,Deloitte Insights,2026-08-08T17:09:53Z,2026-08-08T17:09:53Z
70e1981429dab1d9,Deloitte,Deloitte Center for Financial Services,,https://www.deloitte.com/us/en/insights/research-centers/center-for-financial-services.html,"The Deloitte Center for Financial Services provides timely insights on the most pressing issues facing the industry, helping keep your organization a step ahead.",,Deloitte Insights,2026-08-08T17:09:53Z,2026-08-08T17:09:53Z
983d2098e9716938,Deloitte,Banking & Capital Markets,,https://www.deloitte.com/us/en/insights/industry/banking-and-capital-markets.html,Explore research and insights for the banking & capital markets sector.,,Deloitte Insights,2026-08-08T17:09:53Z,2026-08-08T17:09:53Z
58572dfa6706f91a,Deloitte,Real Estate,,https://www.deloitte.com/us/en/insights/industry/real-estate.html,Explore research and insights for the real estate sector.,,Deloitte Insights,2026-08-08T17:09:53Z,2026-08-08T17:09:53Z
96c3e82710e6cd49,Deloitte,Insurance,,https://www.deloitte.com/us/en/insights/industry/insurance.html,Explore research and insights for the insurance sector.,,Deloitte Insights,2026-08-08T17:09:53Z,2026-08-08T17:09:53Z
9b7948aa7f69bcbc,Deloitte,Investment Management,,https://www.deloitte.com/us/en/insights/industry/investment-management.html,Explore research and insights for the investment management sector.,Economics,Deloitte Insights,2026-08-08T17:09:53Z,2026-08-08T17:09:53Z
f7d355fd92936d59,PwC,Alliances,,https://www.pwc.com/gx/en/services/alliances.html,"Join forces with tech’s titans and trailblazers to deliver real results for your business, your people, and your customers.",,PwC Today's Issues,2026-08-08T17:09:53Z,2026-08-08T17:09:53Z
a68e24e136073ab8,PwC,AI consulting services and solutions,,https://www.pwc.com/gx/en/services/ai.html,"PwC’s AI-powered services help businesses unlock insights, reduce costs, and innovate with speed and precision.",Energy,PwC Today's Issues,2026-08-08T17:09:53Z,2026-08-08T17:09:53Z
e09fce8f7b96b4bc,PwC,Audit and Assurance services,,https://www.pwc.com/gx/en/services/audit-assurance.html,"To help you build trust, manage risk and strengthen resilience, we provide audit and assurance services with data-driven insights and industry expertise.",Supply Chain,PwC Today's Issues,2026-08-08T17:09:53Z,2026-08-08T17:09:53Z
668c59a0953a4281,PwC,Reinvention services,,https://www.pwc.com/gx/en/services/business-model-reinvention.html,We turn reinvention into reality​ so you can​ unlock opportunity and grow.,,PwC Today's Issues,2026-08-08T17:09:53Z,2026-08-08T17:09:53Z
43dcc2aa04145499,PwC,Business transformation services,,https://www.pwc.com/gx/en/services/transformation.html,"Get ahead of disruption with transformation for the future. Leverage tech, AI and industry insights to adapt and scale growth in a changing world.",Strategy,PwC Today's Issues,2026-08-08T17:09:53Z,2026-08-08T17:09:53Z
981528ba09c9643d,PwC,Consulting services,,https://www.pwc.com/gx/en/services/consulting.html,"Bold ideas, AI-powered solutions and deep expertise—together we transform challenges into lasting value that creates market advantage. Spark what’s next.",Energy,PwC Today's Issues,2026-08-08T17:09:53Z,2026-08-08T17:09:53Z
ee5b390bfe709dd2,PwC,Global Centre for Crisis and Resilience,,https://www.pwc.com/gx/en/issues/crisis-solutions.html,"At PwC’s Global Centre for Crisis and Resilience, we help clients prepare for, respond to, and emerge stronger from crises.",Supply Chain,PwC Today's Issues,2026-08-08T17:09:53Z,2026-08-08T17:09:53Z
68932246bee24b79,PwC,Deals,,https://www.pwc.com/gx/en/services/deals.html,"PwC’s AI-powered deals drive growth. From acquisitions to IPOs, we help you create value, navigate change and seize opportunities.",Energy|Strategy,PwC Today's Issues,2026-08-08T17:09:53Z,2026-08-08T17:09:53Z
592735b17a2a79db,PwC,Global Economics - From insights to impact,,https://www.pwc.com/gx/en/services/global-economics.html,We use economic analysis to help public and private sector organisations tackle their most important challenges.,Economics,PwC Today's Issues,2026-08-08T17:09:53Z,2026-08-08T17:09:53Z
3a5663b71fec152d,PwC,Family business services,,https://www.pwc.com/gx/en/services/family-business.html,"A successful family business are those with a good balance between professional management, responsible business ownership. Build lasting value with PwC.",,PwC Today's Issues,2026-08-08T17:09:53Z,2026-08-08T17:09:53Z
51e46f6bd3845a37,PwC,Forensic services,,https://www.pwc.com/gx/en/services/forensics.html,Forensic services will help your business emerge stronger from a crisis. Whether you're facing corruption scandals or data breaches PwC can help.,,PwC Today's Issues,2026-08-08T17:09:53Z,2026-08-08T17:09:53Z
68953327851fd9e2,PwC,Legal business solutions,,https://www.pwc.com/gx/en/services/legal-business-solutions.html,PwC legal business solutions use bold strategies and innovative tech to help with everything from asset management to corporate and commercial challenges.,,PwC Today's Issues,2026-08-08T17:09:53Z,2026-08-08T17:09:53Z
90154eb963cf6cf7,PwC,Managed services | Global Business Managed Services,,https://www.pwc.com/gx/en/services/managed-services.html,"PwC’s managed services solutions expands across a network of 58,000 industry experts that are trusted to manage and accelerate outcomes.",,PwC Today's Issues,2026-08-08T17:09:53Z,2026-08-08T17:09:53Z
e0c7c0c6784e3bcf,PwC,PwC Private,,https://www.pwc.com/gx/en/services/pwc-private.html,"We offer a full range of services to support private companies and individuals globally, including assurance, tax and advisory services.",,PwC Today's Issues,2026-08-08T17:09:53Z,2026-08-08T17:09:53Z
60d529bcb9881708,PwC,Global risk services,,https://www.pwc.com/gx/en/services/risk.html,"Discover how to see risk clearly, take risk strategically and manage risk proactively to protect value and power growth.",Energy|Strategy,PwC Today's Issues,2026-08-08T17:09:53Z,2026-08-08T17:09:53Z
7e0cec9f1c7f575d,PwC,Sustainability services,,https://www.pwc.com/gx/en/services/sustainability.html,"PwC provides sustainability consulting and climate change solutions that enhance business strategy, reduce risk, and drive business resilience and growth.",Supply Chain|Strategy,PwC Today's Issues,2026-08-08T17:09:53Z,2026-08-08T17:09:53Z
48e3817952d79cc4,PwC,Global tax services,,https://www.pwc.com/gx/en/services/tax.html,Our tax professionals have the knowledge and technology needed to help you reimagine your tax strategy to cut through complexity and stay compliant.,Strategy,PwC Today's Issues,2026-08-08T17:09:53Z,2026-08-08T17:09:53Z
53f6480bc8dbef0d,PwC,Global trust services,,https://www.pwc.com/gx/en/services/trust-services.html,Enhance trust with PwC’s global business trust services and deep technical knowledge for sustainable business growth. Get in touch today.,Strategy,PwC Today's Issues,2026-08-08T17:09:53Z,2026-08-08T17:09:53Z
b1321fa18617787c,PwC,Future-ready workforce,,https://www.pwc.com/gx/en/services/workforce.html,"At PwC we build tailored workforce solutions, helping businesses become more adaptable, resilient, and future-ready.",Workforce,PwC Today's Issues,2026-08-08T17:09:53Z,2026-08-08T17:09:53Z
24552a8410f70a2e,PwC,Accounting advisory services,,https://www.pwc.com/gx/en/services/audit-assurance/accounting-advisory.html,"When business change happens a company will often find itself facing a bewildering array of complex, time-sensitive accounting issues.",,PwC Today's Issues,2026-08-08T17:09:53Z,2026-08-08T17:09:53Z
14c1424cffe8bddd,PwC,Capital markets,,https://www.pwc.com/gx/en/services/audit-assurance/capital-market.html,Helping you gain value at every stage of your transaction.,,PwC Today's Issues,2026-08-08T17:09:53Z,2026-08-08T17:09:53Z
e739f7a9885e5ae5,PwC,Corporate reporting,,https://www.pwc.com/gx/en/services/audit-assurance/corporate-reporting.html,"PwC's Corporate reporting site provides publications that provide insights into integrated reporting, governance, narrative reporting, managing and board reporting, as well as sustainability reporting and remuneration and tax reporting.",,PwC Today's Issues,2026-08-08T17:09:53Z,2026-08-08T17:09:53Z
34d5e63e3ef10491,PwC,Financial statement audit services,,https://www.pwc.com/gx/en/services/audit-assurance/financial.html,"Our financial statement audit services are people-led with exceptional, tech-powered teams that bring together broad business understanding, deep industry and technical experience.",Energy,PwC Today's Issues,2026-08-08T17:09:53Z,2026-08-08T17:09:53Z
fadcfb567bb110fc,PwC,IFRS® reporting,,https://www.pwc.com/gx/en/services/audit-assurance/ifrs-reporting.html,Our professionals bring you clear insights and fresh perspectives to help you navigate the financial reporting world with confidence.,,PwC Today's Issues,2026-08-08T17:09:53Z,2026-08-08T17:09:53Z
1513d07022d8d9cf,PwC,Internal audit,,https://www.pwc.com/gx/en/services/audit-assurance/internal-audit.html,We can help you enhance your internal audit capabilities—see risk differently and move with confidence in a world full of uncertainty.,,PwC Today's Issues,2026-08-08T17:09:53Z,2026-08-08T17:09:53Z
3a14c25f0e53b5a2,PwC,Risk assurance,,https://www.pwc.com/gx/en/services/audit-assurance/risk-assurance.html,"PwC risk professionals can help your business stay resilient by anticipating, addressing and safeguarding against potential business risks you may face.",,PwC Today's Issues,2026-08-08T17:09:53Z,2026-08-08T17:09:53Z
c3d46f0f3a936c39,PwC,Sustainability assurance services,,https://www.pwc.com/gx/en/services/audit-assurance/sustainability-reporting-assurance-services.html,PwC’s sustainability assurance services are built on trust. Our flexible approach helps you to report on the esg issues that matter most to your stakeholders.,,PwC Today's Issues,2026-08-08T17:09:53Z,2026-08-08T17:09:53Z
16dcaeced72583a5,PwC,Cloud Transformation,,https://www.pwc.com/gx/en/services/consulting/cloud-transformation.html,"Your cloud journey involves more than just evolving your IT. It’s about transforming your business — everything from your technology, to your processes, to your people.",Strategy,PwC Today's Issues,2026-08-08T17:09:53Z,2026-08-08T17:09:53Z
0acff9e718660a45,PwC,The future of finance is now,,https://www.pwc.com/gx/en/services/consulting/finance-transformation.html,PwC solutions help you accelerate your finance transformation. Now is the time to embrace technology and digital innovation. This is modern finance.,Strategy,PwC Today's Issues,2026-08-08T17:09:53Z,2026-08-08T17:09:53Z
f1411c53341d0553,PwC,Front Office Transformation,,https://www.pwc.com/gx/en/services/consulting/front-office-transformation.html,"Our portfolio of front office transformation Solutions will help you rethink the way people interact, transact and engage with your company. We offer an advanced service platform that delivers a connected, customer-centric experience through seamless engagement.",Strategy,PwC Today's Issues,2026-08-08T17:09:53Z,2026-08-08T17:09:53Z
de8618f3d1c93d64,PwC,HR technology and transformation services,,https://www.pwc.com/gx/en/services/consulting/hr-transformation.html,The people function now transcends traditional HR roles to help build agile and resilient organisations. Transform your workforce strategy with PwC.,Strategy|Workforce,PwC Today's Issues,2026-08-08T17:09:53Z,2026-08-08T17:09:53Z
41a452ca311296a3,PwC,"See risk, take risk, manage risk",,https://www.pwc.com/gx/en/issues/risk-regulation.html,Seeing risk isn’t enough anymore—you need to act on it intelligently to drive your business forward while building the resilience to protect it.,Supply Chain,PwC Today's Issues,2026-08-08T17:09:53Z,2026-08-08T17:09:53Z
2eabbc6b24ee5581,PwC,Technology services and consulting,,https://www.pwc.com/gx/en/services/consulting/technology.html,"Accelerate transformation with PwC technology consulting. Harness AI, cloud, and data to drive efficiency, innovation, and growth in a digital-first world.",Strategy,PwC Today's Issues,2026-08-08T17:09:53Z,2026-08-08T17:09:53Z
67d2819539494aab,PwC,Acquisitions,,https://www.pwc.com/gx/en/services/deals/acquisitions.html,Create a roadmap today. Grow value for tomorrow.,,PwC Today's Issues,2026-08-08T17:09:53Z,2026-08-08T17:09:53Z
00421c40fc3b618a,PwC,Capital markets and IPOs,,https://www.pwc.com/gx/en/services/deals/capital-markets-ipo.html,"Whether you’re looking at IPO financing, executing a debt offering or managing ongoing regulatory reporting, we can work together and identify new ways to access capital or focus investment where it matters most.",Economics,PwC Today's Issues,2026-08-08T17:09:53Z,2026-08-08T17:09:53Z
ec85f946bd9b1c81,PwC,Corporate finance,,https://www.pwc.com/gx/en/services/deals/corporate-finance.html,Our global Corporate Finance business is made up of teams who can offer extensive industry capabilities and local market knowledge.,,PwC Today's Issues,2026-08-08T17:09:53Z,2026-08-08T17:09:53Z
9fa0d7ec45c94e81,PwC,Deals strategy,,https://www.pwc.com/gx/en/services/deals/deal-strategy.html,"PwC Deals Strategy helps companies transform their business through deals: mergers, acquisitions, divestitures, alliances, private equity, and more.",Strategy,PwC Today's Issues,2026-08-08T17:09:53Z,2026-08-08T17:09:53Z
b3e2d1ed58664ea2,PwC,Joint ventures and strategic alliances,,https://www.pwc.com/gx/en/services/deals/joint-ventures-and-alliances.html,Our experts can help your business strategically partner and form alliances to strengthen core capabilities and outperform competitors.,,PwC Today's Issues,2026-08-08T17:09:53Z,2026-08-08T17:09:53Z
8b86160b3e76c54d,PwC,Mergers and acquisitions (M&A) tax services,,https://www.pwc.com/gx/en/services/tax/mergers-and-acquisitions.html,"Planning M&A activity? Global or local, PwC will help you to create and protect value, through pragmatic transaction solutions and efficient M&A tax strategies.",,PwC Today's Issues,2026-08-08T17:09:53Z,2026-08-08T17:09:53Z
03341e9981281a5d,PwC,Performance and Restructuring​,,https://www.pwc.com/gx/en/services/deals/performance-and-restructuring.html,"Performance and Restructuring professionals help to unlock and enhance the value trapped in underperforming business. They look at cash flows, debts, bankruptcy issues, liquidation, financial difficulties, company restructure looking to deliver value, recovery and turnaround strategies.",,PwC Today's Issues,2026-08-08T17:09:53Z,2026-08-08T17:09:53Z
5f44ec4d3625d737,PwC,Employment law,,https://www.pwc.com/gx/en/services/legal-business-solutions/employment.html,"Your people strategy is inextricably linked to your growth strategy. That's why it makes sense to work with PwC’s global legal network, whose employment law service is embedded within the capabilities, sector exposure, and footprint of a global business services leader.",Strategy,PwC Today's Issues,2026-08-08T17:09:53Z,2026-08-08T17:09:53Z
3570e3d82ff2ab35,PwC,Entity governance and compliance,,https://www.pwc.com/gx/en/services/legal-business-solutions/entity-governance-compliance.html,"With global scrutiny rising, managing legal entity governance and compliance obligations has moved up the board agenda. PwC Legal can help you manage the risks.",,PwC Today's Issues,2026-08-08T17:09:53Z,2026-08-08T17:09:53Z
1aa6b24a2899c3ee,PwC,International business reorganisations,,https://www.pwc.com/gx/en/services/legal-business-solutions/corporate-and-commercial.html,"As you compete in an increasingly volatile global marketplace, a corporate re-organisation of some kind may be in your sights. PwC’s Legal Services network provide a seamless, powerful, integrated, global solution.",Energy,PwC Today's Issues,2026-08-08T17:09:53Z,2026-08-08T17:09:53Z
7ba400b0eba51997,PwC,Mergers and acquisitions (M&A) legal solutions,,https://www.pwc.com/gx/en/services/legal-business-solutions/mergers-and-acquisitions.html,"From letter of intent to the closing of your transaction, PwC's M&A lawyers maintain a rigorous focus on the successful execution of every aspect of your deal, and capturing the maximum value for your organisation.",,PwC Today's Issues,2026-08-08T17:09:53Z,2026-08-08T17:09:53Z
5a0614e88748ba74,PwC,NewLaw,,https://www.pwc.com/gx/en/services/legal-business-solutions/new-law.html,"Tech-enabled & business-minded lawyers, with vast global reach.",,PwC Today's Issues,2026-08-08T17:09:53Z,2026-08-08T17:09:53Z
f61324fd1479d572,PwC,"Climate risk, resilience and adaptation services",,https://www.pwc.com/gx/en/services/sustainability/climate-risk-resilience-adaptation.html,"As sustainability and climate consequences emerge, companies are looking for ways to mitigate risk and build more resilient businesses. See how PwC can help.",Supply Chain,PwC Today's Issues,2026-08-08T17:09:53Z,2026-08-08T17:09:53Z
8e643475a1010486,PwC,Energy solutions services,,https://www.pwc.com/gx/en/services/sustainability/energy-solutions.html,"Energy solutions services drives business value by creating opportunities and additional revenue streams, and supporting cost reduction.",Energy,PwC Today's Issues,2026-08-08T17:09:53Z,2026-08-08T17:09:53Z
b9f9dadcd23bb27a,PwC,Legal and sustainability services,,https://www.pwc.com/gx/en/services/legal-business-solutions/esg-legal.html,"Navigate sustainability's legal landscape with PwC's guidance in due diligence, climate regulations, and workforce compliance to unlock opportunities and mitigate risks.",Workforce,PwC Today's Issues,2026-08-08T17:09:53Z,2026-08-08T17:09:53Z
1868213cfcaba2c3,PwC,Transition planning,,https://www.pwc.com/gx/en/services/sustainability/transition-planning.html,"Navigate change with confidence. PwC's transition planning services help you adapt swiftly, ensuring a seamless shift to new opportunities and growth.",Strategy,PwC Today's Issues,2026-08-08T17:09:53Z,2026-08-08T17:09:53Z
202465adf908574b,PwC,Sustainability in deals,,https://www.pwc.com/gx/en/services/sustainability/sustainability-in-deals.html,PwC can help you weave ESG considerations into investment decisions and capital allocations to deliver near-term outcomes and create value over time.,Economics,PwC Today's Issues,2026-08-08T17:09:53Z,2026-08-08T17:09:53Z
